text,true,pred
two pack dvd first film jim carrey cameron diaz best second film not even worth time horrible straight dvd sequel would rated higher second film bad great buy no matter price,Ok,Unhappy
liked orig matthew broderick action,Ok,Happy
gave spin ht not bad def recommend,Happy,Ok
movie quality story better previous edition borrowed library,Happy,Ok
raunchy funny nonpc animated comedy uptight stay away,Happy,Unhappy
okit week since ive put olay total effect test love packaging love dispenses little amount every pump cannot put product back pump muchwhich good actually not want product exposed open contamination eventually expiration quality appreciated perfect amount pumped dry day used little first feel rich skin not sure going like heavy feltthen really melted face little go long way scent pleasant almost strong likingbut not offputting using religiously not noticed change appearance skin skin tone remains age spot still front centre usual wrinkle not smoother tell thoughis skin baby soft husband even mentioned definitely texture review collected part promotion,Ok,Happy
flavor dark coffee prefect morning,Ok,Happy
buy bulk easy use kid use review collected part promotion,Ok,Happy
item would worked fine not arrived poor condition received item packaging bottle febreeze refill ordered quart whomever packaged item together gave no thought fragile item would crushed received coffee creamer content inside leaking returning adap,Ok,Unhappy
weve used mop five time good result tried use today cleaning solution ran bottle vent hole really annoying,Ok,Happy
quality k movie good movie not entertaining st one better,Ok,Happy
trigger work better old one still not sturdy need scrub much nice scrubber pad entire bottom afraid use much pressure handle feel flimsy already snapped one half,Ok,Happy
took care smokey hazey look glassware dish accumulated not make mistake made buy dishwashing gel bleach,Happy,Unhappy
use organize high level visit building many list subsection needed unfortunately not hold well could made stronger thicker stock,Unhappy,Ok
thought funny first got little dark ended ok liked see movie like first part,Happy,Ok
better story exciting still not good first car movie improving obviously not done pixar,Happy,Ok
oz lysol disinfectant spray upc half full quit spraying annoying end expensive throw away anything,Happy,Unhappy
guess miss cheesy black white japanese version godzilla youth nothing close newest relatively closest version godzilla worth anything parody mentioned austin power gold member lt movie way many close call still able make home without getting hurt godzilla save day end really dozed twice movie wake finish tried watch completely,Unhappy,Happy
like tide product not pod plastic coating not dissolve,Ok,Unhappy
like everyone else thread using old formula plus year thick curly hair product even came close holding curl making look great really feel hopeless especially hot humid summer coming nexxus please bring back old formula everyone else new product using desperately need something new not terrible low quality non holding awful smelling gel review collected part promotion,Ok,Unhappy
summer day get really warm inside dog roomneeded something small strong well quietthis worked well herit’s not loud doesn’t trouble hearing,Happy,Unhappy
not good original entertaining home theater,Happy,Ok
liked movie not think like movie matthew broderick stared movie totally different start kind like first movie turn corner story whit mom dad working nuclear plant japan not think second part first movie,Happy,Ok
reading bunch review movie decided get anyways father passed loved original independence day guess could say watched say surprised much better lot people said granted not good original not bad others apparently thought either,Happy,Ok
good music say bad call quality opinion,Ok,Happy
not like milk kid,Unhappy,Happy
using olay total effect antiaging moisturizer week not really noticed many change skin yet found making skin oily face broken going continue use olay total effect antiaging moisturizer hopefully begin see positive change skin skin tone review collected part promotion,Unhappy,Ok
actually liked thought would fun like first adding goofiness,Ok,Happy
quality suffering lately twice threw away olive tasted perhaps rotten not buy,Unhappy,Ok
misleading digital download good one movie series,Unhappy,Happy
